{"count":1,"self":60.2079616,"total":67.0332581,"children":{"AgentResetIfDone":{"count":3178,"self":0.0289424,"total":0.0289424,"children":null},"AgentSendState":{"count":3178,"self":0.14174889999999998,"total":0.361937,"children":{"CollectObservations":{"count":12712,"self":0.2201881,"total":0.2201881,"children":null}}},"DecideAction":{"count":3178,"self":6.2990112,"total":6.2990113,"children":null},"AcademyStep":{"count":3178,"self":0.037457899999999995,"total":0.037457899999999995,"children":null},"AgentAct":{"count":3178,"self":0.0969514,"total":0.0969514,"children":null}}}